"ME No.","Plate Number","Tractor Model",Location,Hauler,"Omnitraq Status","Omnitraq #","Omnitraq IMEI","Omnitraq SIM","MDVR Status","MDVR Type","Device Serial","MDVR SIM","MDVR SIM Number","MDVR Integrated","MDVR Visible","Door Sensor","Last Updated"
BT-012,AQA7354,Hino,MABINI,"F.M. Castillo Sons Trucking and Services Corporation",not_started,,,,not_started,NEW,,,,No,No,"Not Installed","2026-08-01 00:16:59.7900000"
BT-013,NBC4379,Hino,MABINI,"F.M. Castillo Sons Trucking and Services Corporation",installed,,868933000000000,89320400000000000000,installed,NEW,867806000000000,325339000000000,,Yes,Yes,Installed,"2026-08-01 00:16:59.8166667"
BT-014,JM5613,Hino,MABINI,"F.M. Castillo Sons Trucking and Services Corporation",not_started,,,,not_started,NEW,,,,No,No,"Not Installed","2026-08-01 00:16:59.8200000"
BT-016,JM5612,Hino,MABINI,"F.M. Castillo Sons Trucking and Services Corporation",not_started,,,,not_started,NEW,,,,No,No,"Not Installed","2026-08-01 00:16:59.8233333"
LT-130,NAT-7646,,LIMAY,"F.M. Castillo Sons Trucking and Services Corporation",not_started,,,,installed,NEW,867806000000000,325339000000000,,Yes,Yes,"Not Installed","2026-08-01 00:20:35.1466667"
PF-43,NIR-1905,,MABINI,"F.M. Castillo Sons Trucking and Services Corporation",not_started,,,,installed,NEW,862708000000000,325339000000000,,Yes,Yes,"Not Installed","2026-08-01 00:20:34.4200000"
PF-74,NIR-2540,,MABINI,"F.M. Castillo Sons Trucking and Services Corporation",not_started,,,,installed,NEW,862708000000000,325339000000000,,Yes,Yes,"Not Installed","2026-08-01 00:20:34.3933333"
PI-01,NIS-5074,,MABINI,"F.M. Castillo Sons Trucking and Services Corporation",not_started,,,,installed,NEW,862708000000000,325339000000000,,Yes,Yes,"Not Installed","2026-08-01 00:20:34.4100000"
PI-02,NIS-4934,,MABINI,"F.M. Castillo Sons Trucking and Services Corporation",not_started,,,,installed,NEW,862708000000000,325339000000000,,Yes,Yes,"Not Installed","2026-08-01 00:20:34.4133333"
PI-06,NIU-5275,,MABINI,"F.M. Castillo Sons Trucking and Services Corporation",not_started,,,,installed,NEW,862708000000000,325339000000000,,Yes,Yes,"Not Installed","2026-08-01 00:20:34.4233333"
PL-114,NIP-3107,,MABINI,"F.M. Castillo Sons Trucking and Services Corporation",installed,,868933000000000,89320400000000000000,installed,NEW,862708000000000,325339000000000,9681974521,Yes,Yes,"Not Installed","2026-08-01 00:20:34.1966667"
PL-208,NIR-9359,,MANDAUE,"F.M. Castillo Sons Trucking and Services Corporation",not_started,,,,installed,NEW,862708000000000,,,Yes,Yes,"Not Installed","2026-08-01 00:20:34.8266667"
PL-316,NFF-8862,,MANDAUE,"F.M. Castillo Sons Trucking and Services Corporation",not_started,,,,installed,NEW,862708000000000,,,Yes,Yes,"Not Installed","2026-08-01 00:20:34.9166667"
PL-328,NKH-9003,,LIMAY,"F.M. Castillo Sons Trucking and Services Corporation",not_started,,,,installed,NEW,867806000000000,325339000000000,9681657566,Yes,Yes,"Not Installed","2026-08-01 00:20:34.6300000"
PL-337,NKR-1380,,MABINI,"F.M. Castillo Sons Trucking and Services Corporation",not_started,,,,installed,NEW,867806000000000,325339000000000,,Yes,Yes,"Not Installed","2026-08-01 00:20:34.8200000"
PL-339,NKR-1587,,MABINI,"F.M. Castillo Sons Trucking and Services Corporation",installed,,868933000000000,89320400000000000000,installed,NEW,867806000000000,325339000000000,,Yes,Yes,"Not Installed","2026-08-01 00:20:33.8766667"
PL-341,NKR-1590,,MABINI,"F.M. Castillo Sons Trucking and Services Corporation",installed,,868933000000000,89320400000000000000,not_started,NEW,,,,No,No,"Not Installed","2026-08-01 00:20:34.2533333"
PL-342,NKR-1596,,MABINI,"F.M. Castillo Sons Trucking and Services Corporation",installed,,868933000000000,89320400000000000000,installed,NEW,867806000000000,325339000000000,,Yes,Yes,"Not Installed","2026-08-01 00:20:34.2433333"
PL-356,NKR-3220,,LIMAY,"F.M. Castillo Sons Trucking and Services Corporation",not_started,,,,installed,NEW,867806000000000,325339000000000,,Yes,Yes,"Not Installed","2026-08-01 00:20:35.0700000"
PL-357,NKS-4755,,LIMAY,"F.M. Castillo Sons Trucking and Services Corporation",not_started,,,,installed,NEW,867806000000000,325339000000000,,Yes,Yes,"Not Installed","2026-08-01 00:20:35.1600000"
PL-358,NKR-3208,,LIMAY,"F.M. Castillo Sons Trucking and Services Corporation",not_started,,,,installed,NEW,867806000000000,325339000000000,,Yes,Yes,"Not Installed","2026-08-01 00:20:34.8133333"
PL-371,NKR-8257,,LIMAY,"F.M. Castillo Sons Trucking and Services Corporation",not_started,,,,installed,NEW,867806000000000,707933,,Yes,Yes,"Not Installed","2026-08-01 00:20:35.0500000"
PL-372,NKR-6601,,LIMAY,"F.M. Castillo Sons Trucking and Services Corporation",not_started,,,,installed,NEW,867806000000000,325339000000000,,Yes,Yes,"Not Installed","2026-08-01 00:20:35.0333333"
PL-374,NKR-6591,,LIMAY,"F.M. Castillo Sons Trucking and Services Corporation",not_started,,,,installed,NEW,867806000000000,325339000000000,,Yes,Yes,"Not Installed","2026-08-01 00:20:35.0433333"
PL-375,NKR-7731,,LIMAY,"F.M. Castillo Sons Trucking and Services Corporation",not_started,,,,installed,NEW,867806000000000,325339000000000,,Yes,Yes,"Not Installed","2026-08-01 00:20:35.0133333"
PL-376,NKR-3758,,LIMAY,"F.M. Castillo Sons Trucking and Services Corporation",not_started,,,,installed,NEW,867806000000000,325339000000000,,Yes,Yes,"Not Installed","2026-08-01 00:20:34.7366667"
PL-377,NKR-3757,,MABINI,"F.M. Castillo Sons Trucking and Services Corporation",installed,,868933000000000,89320400000000000000,not_started,NEW,,,,No,No,"Not Installed","2026-08-01 00:20:34.2100000"
PL-378,NKR-3750,,LIMAY,"F.M. Castillo Sons Trucking and Services Corporation",not_started,,,,installed,NEW,867806000000000,325339000000000,,Yes,Yes,"Not Installed","2026-08-01 00:20:35.1566667"
PL-382,NKR-6581,,LIMAY,"F.M. Castillo Sons Trucking and Services Corporation",not_started,,,,installed,NEW,867806000000000,325339000000000,,Yes,Yes,"Not Installed","2026-08-01 00:20:35.0000000"
PL-425,NKH-9603,,MABINI,"F.M. Castillo Sons Trucking and Services Corporation",installed,,868933000000000,89320400000000000000,not_started,NEW,,,,No,No,"Not Installed","2026-08-01 00:20:34.2633333"
PL-431,NKK-5726,,"NORTH HARBOR","F.M. Castillo Sons Trucking and Services Corporation",not_started,,,,installed,NEW,867806000000000,325339000000000,,Yes,Yes,"Not Installed","2026-08-01 00:20:34.7300000"
PL-433,NKK-6492,,"NORTH HARBOR","F.M. Castillo Sons Trucking and Services Corporation",not_started,,,,installed,NEW,867806000000000,325339000000000,,Yes,Yes,"Not Installed","2026-08-01 00:20:35.1666667"
PL-436,"NKH -9365",,MABINI,"F.M. Castillo Sons Trucking and Services Corporation",installed,,868933000000000,89320400000000000000,not_started,NEW,,,,No,No,"Not Installed","2026-08-01 00:20:33.8700000"
PL-451,NKH-9606,,"NORTH HARBOR","F.M. Castillo Sons Trucking and Services Corporation",not_started,,,,installed,NEW,867806000000000,325339000000000,,Yes,Yes,"Not Installed","2026-08-01 00:20:35.0633333"
PL-461,SW100A,,"NORTH HARBOR","F.M. Castillo Sons Trucking and Services Corporation",not_started,,,,installed,NEW,867806000000000,325339000000000,,Yes,Yes,"Not Installed","2026-08-01 00:20:34.6366667"
PL-467,NKH-9974,,"NORTH HARBOR","F.M. Castillo Sons Trucking and Services Corporation",not_started,,,,installed,NEW,867806000000000,325339000000000,,Yes,Yes,"Not Installed","2026-08-01 00:20:34.4666667"
PL-473,NKO-1040,,"NORTH HARBOR","F.M. Castillo Sons Trucking and Services Corporation",not_started,,,,installed,NEW,867806000000000,325339000000000,,Yes,Yes,"Not Installed","2026-08-01 00:20:35.0066667"
PL-609,NLB-6546,,LIMAY,"F.M. Castillo Sons Trucking and Services Corporation",not_started,,,,installed,NEW,867806000000000,89320400000000000000,,Yes,Yes,"Not Installed","2026-08-01 00:20:35.0233333"
PL-611,NLA-7257,,LIMAY,"F.M. Castillo Sons Trucking and Services Corporation",not_started,,,,installed,NEW,867806000000000,708527,,Yes,Yes,"Not Installed","2026-08-01 00:20:35.0300000"
PL-613,NLA-7267,,LIMAY,"F.M. Castillo Sons Trucking and Services Corporation",not_started,,,,installed,NEW,867806000000000,325339000000000,9681657559,Yes,Yes,"Not Installed","2026-08-01 00:20:34.5466667"
PL-623,NLC-9707,,MABINI,"F.M. Castillo Sons Trucking and Services Corporation",installed,,868933000000000,89320400000000000000,installed,NEW,867806000000000,325339000000000,,Yes,Yes,"Not Installed","2026-08-01 00:20:33.8433333"
PL-624,NLC-9704,,LIMAY,"F.M. Castillo Sons Trucking and Services Corporation",not_started,,,,installed,NEW,867806000000000,325339000000000,,Yes,Yes,"Not Installed","2026-08-01 00:20:35.0166667"
PL-625,NLB-6543,,LIMAY,"F.M. Castillo Sons Trucking and Services Corporation",not_started,,,,installed,NEW,867806000000000,325339000000000,,Yes,Yes,"Not Installed","2026-08-01 00:20:35.0533333"
BT-029,,Isuzu,MABINI,"Mavil Transport Corporation",not_started,,,,not_started,NEW,,,,No,No,"Not Installed","2026-08-01 00:16:59.8366667"
BT-073,NAI3141,"Ud Trucks",MABINI,"MJ Teng Enterprises, Inc.",not_started,,,,not_started,NEW,,,,No,No,"Not Installed","2026-08-01 00:16:59.8533333"
BT-074,NAG4716,Howo,MABINI,"MJ Teng Enterprises, Inc.",not_started,,,,not_started,NEW,,,,No,No,"Not Installed","2026-08-01 00:16:59.8566667"
BT-077,NAW4350,"Ud Trucks",MABINI,"MJ Teng Enterprises, Inc.",installed,,868933000000000,89320400000000000000,installed,NEW,867806000000000,325339000000000,,Yes,Yes,Installed,"2026-08-01 00:16:59.8600000"
BT-078,NAW4353,"Ud Trucks",MABINI,"MJ Teng Enterprises, Inc.",not_started,,,,not_started,NEW,,,,No,No,"Not Installed","2026-08-01 00:16:59.8666667"
BT-079,NAW4352,"Ud Trucks",MABINI,"MJ Teng Enterprises, Inc.",not_started,,,,not_started,NEW,,,,No,No,"Not Installed","2026-08-01 00:16:59.8666667"
BT-083,NBM9815,"Ud Trucks",MABINI,"MJ Teng Enterprises, Inc.",not_started,,,,not_started,NEW,,,,No,No,"Not Installed","2026-08-01 00:16:59.8733333"
BT-142,NBI6747,Sinotruck,MABINI,"MJ Teng Enterprises, Inc.",not_started,,,,not_started,NEW,,,,No,No,"Not Installed","2026-08-01 00:16:59.8833333"
HC-125,NDI4418,Hino,MABINI,"MJ Teng Enterprises, Inc.",not_started,,,,not_started,NEW,,,,No,No,"Not Installed","2026-08-01 00:16:59.8766667"
PT-157,TBO924,Man,MABINI,"MJ Teng Enterprises, Inc.",not_started,,,,not_started,NEW,,,,No,No,"Not Installed","2026-08-01 00:16:59.8500000"
PT-164,URQ977,Man,MABINI,"MJ Teng Enterprises, Inc.",not_started,,,,not_started,NEW,,,,No,No,"Not Installed","2026-08-01 00:16:59.8800000"
PT-303,PUW555,,MABINI,"MJ Teng Enterprises, Inc.",not_started,,,,not_started,NEW,,,,No,No,"Not Installed","2026-08-01 00:16:59.8466667"
PL-003,NFO6135,Hino,MABINI,"Petrofuel Logistics Inc.,",not_started,,,,installed,NEW,862708000000000,325339000000000,9681974496,Yes,Yes,"Not Installed","2026-08-01 00:16:59.8866667"
PL-020,NFO6127,Hino,MABINI,"Petrofuel Logistics Inc.,",not_started,,,,installed,NEW,862708000000000,325339000000000,9681974735,Yes,Yes,"Not Installed","2026-08-01 00:16:59.8900000"
PL-023,NFO6139,Hino,MABINI,"Petrofuel Logistics Inc.,",not_started,,,,installed,NEW,862708000000000,325339000000000,9681974732,Yes,Yes,"Not Installed","2026-08-01 00:16:59.8933333"
PL-028,NFP1074,Hino,MABINI,"Petrofuel Logistics Inc.,",not_started,,,,installed,NEW,862708000000000,325339000000000,9681974503,Yes,Yes,"Not Installed","2026-08-01 00:16:59.9000000"
PL-033,NFO1069,Hino,MABINI,"Petrofuel Logistics Inc.,",not_started,,,,installed,NEW,862708000000000,325339000000000,9681974730,Yes,Yes,"Not Installed","2026-08-01 00:16:59.9000000"
PL-047,NIG1475,Hino,MABINI,"Petrofuel Logistics Inc.,",not_started,,,,installed,NEW,862708000000000,325339000000000,9681974264,Yes,Yes,"Not Installed","2026-08-01 00:16:59.9066667"
PL-060,NIH2292,Hino,MABINI,"Petrofuel Logistics Inc.,",not_started,,,,installed,NEW,862708000000000,325339000000000,9681973519,Yes,Yes,"Not Installed","2026-08-01 00:16:59.9100000"
PL-061,NIH2291,Hino,MABINI,"Petrofuel Logistics Inc.,",not_started,,,,not_started,NEW,,,,No,No,"Not Installed","2026-08-01 00:16:59.9133333"
PL-072,NII8598,Scania,MABINI,"Petrofuel Logistics Inc.,",not_started,,,,installed,NEW,862708000000000,325339000000000,9681974057,Yes,Yes,"Not Installed","2026-08-01 00:16:59.9166667"
PL-079,NII8602,Scania,MABINI,"Petrofuel Logistics Inc.,",not_started,,,,installed,NEW,862708000000000,325339000000000,9681974287,Yes,Yes,"Not Installed","2026-08-01 00:16:59.9200000"
PL-158,NIP1594,Isuzu,MABINI,"Petrofuel Logistics Inc.,",not_started,,,,installed,NEW,862708000000000,325339000000000,9681974273,Yes,Yes,"Not Installed","2026-08-01 00:16:59.9233333"
PL-163,NIP2844,Isuzu,MABINI,"Petrofuel Logistics Inc.,",installed,,868933000000000,89320400000000000000,installed,NEW,862708000000000,325339000000000,9681974281,Yes,Yes,Installed,"2026-08-01 00:16:59.9266667"
PL-165,NIP1634,Isuzu,MABINI,"Petrofuel Logistics Inc.,",installed,,868933000000000,89320400000000000000,installed,NEW,862708000000000,325339000000000,9681974511,Yes,Yes,Installed,"2026-08-01 00:16:59.9300000"
PL-167,NIP1632,Isuzu,MABINI,"Petrofuel Logistics Inc.,",installed,,868933000000000,89320400000000000000,installed,NEW,862708000000000,325339000000000,9681974507,Yes,Yes,Installed,"2026-08-01 00:16:59.9333333"
PL-170,NIP2422,Isuzu,MABINI,"Petrofuel Logistics Inc.,",installed,,868933000000000,89320400000000000000,installed,NEW,862708000000000,325339000000000,9681974262,Yes,Yes,Installed,"2026-08-01 00:16:59.9400000"
PL-175,NIP2465,Isuzu,MABINI,"Petrofuel Logistics Inc.,",installed,,868933000000000,89320400000000000000,installed,NEW,862708000000000,89630300000000000000,9681974277,Yes,Yes,Installed,"2026-08-01 00:16:59.9433333"
PL-186,NIM1936,Isuzu,MABINI,"Petrofuel Logistics Inc.,",installed,,868933000000000,89320400000000000000,installed,NEW,862708000000000,325339000000000,9681974519,Yes,Yes,Installed,"2026-08-01 00:16:59.9500000"
PL-192,NIM1826,Isuzu,MABINI,"Petrofuel Logistics Inc.,",installed,,868933000000000,89320400000000000000,not_started,NEW,,,,No,No,Installed,"2026-08-01 00:16:59.9533333"
PL-213,NIR3757,Isuzu,MABINI,"Petrofuel Logistics Inc.,",not_started,,,,installed,NEW,862708000000000,325339000000000,9681974498,Yes,Yes,"Not Installed","2026-08-01 00:16:59.9566667"
PL-234,NIP9629,Isuzu,MABINI,"Petrofuel Logistics Inc.,",installed,,868933000000000,89320400000000000000,installed,NEW,862708000000000,325339000000000,9681974515,Yes,Yes,Installed,"2026-08-01 00:16:59.9600000"
PL-239,NIR9379,Isuzu,MABINI,"Petrofuel Logistics Inc.,",installed,,868933000000000,89320400000000000000,installed,NEW,862708000000000,325339000000000,9681974283,Yes,No,Installed,"2026-08-01 00:16:59.9600000"
PL-244,NIP3209,Isuzu,MABINI,"Petrofuel Logistics Inc.,",installed,,868933000000000,89320400000000000000,installed,NEW,862708000000000,325339000000000,9681974268,Yes,Yes,Installed,"2026-08-01 00:16:59.9633333"
PL-249,D3R625,Isuzu,MABINI,"Petrofuel Logistics Inc.,",installed,,868933000000000,89320400000000000000,installed,NEW,862708000000000,325339000000000,9088901773,Yes,Yes,Installed,"2026-08-01 00:16:59.9700000"
PL-279,NHG5292,Isuzu,MABINI,"Petrofuel Logistics Inc.,",installed,,868933000000000,89320400000000000000,installed,NEW,862708000000000,325339000000000,9399371297,Yes,Yes,Installed,"2026-08-01 00:16:59.9700000"
PL-291,NIT2855,Isuzu,MABINI,"Petrofuel Logistics Inc.,",installed,,868933000000000,89320400000000000000,installed,NEW,862708000000000,325339000000000,9681974266,Yes,Yes,"Not Installed","2026-08-01 00:16:59.9766667"
PL-317,,,MABINI,"Petrofuel Logistics Inc.,",not_started,,,,installed,NEW,862708000000000,325339000000000,9681974505,Yes,Yes,"Not Installed","2026-08-01 00:18:25.2733333"
PL-349,"NKR 1370",ISUZU,MABINI,"Petrofuel Logistics Inc.,",installed,,868933000000000,89320400000000000000,not_started,NEW,,,,No,No,Installed,"2026-08-01 00:18:25.2866667"
PL-350,"NKR 1375",ISUZU,MABINI,"Petrofuel Logistics Inc.,",installed,,868933000000000,89320400000000000000,not_started,NEW,,,,No,No,"Not Installed","2026-08-01 00:18:25.2900000"
PL-351,"NKR 1376",ISUZU,MABINI,"Petrofuel Logistics Inc.,",installed,,868933000000000,89320400000000000000,not_started,NEW,,,,No,No,"Not Installed","2026-08-01 00:18:25.2966667"
PL-352,"NKR 3573",ISUZU,MABINI,"Petrofuel Logistics Inc.,",installed,,868933000000000,89320400000000000000,not_started,NEW,,,,No,No,Installed,"2026-08-01 00:18:25.3000000"
PL-353,"NKR 3574",ISUZU,MABINI,"Petrofuel Logistics Inc.,",installed,,868933000000000,89320400000000000000,not_started,NEW,,,,No,No,Installed,"2026-08-01 00:18:25.3033333"
PL-384,NKR8156,ISUZU,MABINI,"Petrofuel Logistics Inc.,",installed,,868933000000000,89320400000000000000,not_started,NEW,,,,No,No,Installed,"2026-08-01 00:18:25.3066667"
PL-385,NKR7730,ISUZU,MABINI,"Petrofuel Logistics Inc.,",installed,,868933000000000,89320400000000000000,installed,NEW,867806000000000,325339000000000,,Yes,Yes,Installed,"2026-08-01 00:18:25.3100000"
PL-386,NKR7727,ISUZU,MABINI,"Petrofuel Logistics Inc.,",not_started,,,,not_started,NEW,,,,No,No,"Not Installed","2026-08-01 00:18:25.3133333"
PL-387,NKR7726,ISUZU,MABINI,"Petrofuel Logistics Inc.,",not_started,,,,not_started,NEW,,,,No,No,"Not Installed","2026-08-01 00:18:25.3200000"
PL-388,NKR7610,ISUZU,MABINI,"Petrofuel Logistics Inc.,",not_started,,,,not_started,NEW,,,,No,No,"Not Installed","2026-08-01 00:18:25.3233333"
PL-389,NKR7590,ISUZU,MABINI,"Petrofuel Logistics Inc.,",installed,,868933000000000,89320400000000000000,not_started,NEW,,,,No,No,Installed,"2026-08-01 00:18:25.3266667"
PL-390,NKR7581,ISUZU,MABINI,"Petrofuel Logistics Inc.,",installed,,868933000000000,89320400000000000000,not_started,NEW,,,,No,No,"Not Installed","2026-08-01 00:18:25.3266667"
PL-391,NKR7570,ISUZU,MABINI,"Petrofuel Logistics Inc.,",installed,,868933000000000,89320400000000000000,not_started,NEW,,,,No,No,Installed,"2026-08-01 00:18:25.3300000"
PL-392,NKR7569,ISUZU,MABINI,"Petrofuel Logistics Inc.,",installed,,868933000000000,89320400000000000000,not_started,NEW,,,,No,No,Installed,"2026-08-01 00:18:25.3333333"
PL-393,NKR7560,ISUZU,MABINI,"Petrofuel Logistics Inc.,",installed,,868933000000000,89320400000000000000,not_started,NEW,,,,No,No,"Not Installed","2026-08-01 00:18:25.3366667"
PL-394,,ISUZU,MABINI,"Petrofuel Logistics Inc.,",installed,,868933000000000,89320400000000000000,installed,NEW,867806000000000,325339000000000,9681676161,Yes,Yes,Installed,"2026-08-01 00:18:25.3433333"
PL-395,,ISUZU,MABINI,"Petrofuel Logistics Inc.,",not_started,,,,not_started,NEW,,,,No,No,"Not Installed","2026-08-01 00:18:25.3466667"
PL-396,,ISUZU,MABINI,"Petrofuel Logistics Inc.,",installed,,868933000000000,89320400000000000000,installed,NEW,867806000000000,325339000000000,,Yes,Yes,"Not Installed","2026-08-01 00:18:25.3500000"
PL-397,,ISUZU,MABINI,"Petrofuel Logistics Inc.,",installed,,868933000000000,89320400000000000000,installed,NEW,867806000000000,325339000000000,639682000000,Yes,Yes,"Not Installed","2026-08-01 00:18:25.3533333"
PL-398,,ISUZU,MABINI,"Petrofuel Logistics Inc.,",installed,,868933000000000,89320400000000000000,installed,NEW,867806000000000,325339000000000,,Yes,Yes,"Not Installed","2026-08-01 00:18:25.3566667"
PL-399,,ISUZU,MABINI,"Petrofuel Logistics Inc.,",installed,,868933000000000,89320400000000000000,installed,NEW,867806000000000,325339000000000,,Yes,Yes,Installed,"2026-08-01 00:18:25.3600000"
PL-600,,ISUZU,MABINI,"Petrofuel Logistics Inc.,",not_started,,,,not_started,NEW,,,,No,No,"Not Installed","2026-08-01 00:18:25.3666667"
PL-601,,ISUZU,MABINI,"Petrofuel Logistics Inc.,",not_started,,,,not_started,NEW,,,,No,No,"Not Installed","2026-08-01 00:18:25.3700000"
BT-034,RGM971,Isuzu,MABINI,"Villafuerte Trucking Services",not_started,,,,not_started,NEW,,,,No,No,"Not Installed","2026-08-01 00:18:25.3966667"
BT-035,NAC7890,Sinotruck,MABINI,"Villafuerte Trucking Services",not_started,,,,not_started,NEW,,,,No,No,"Not Installed","2026-08-01 00:18:25.4166667"
BT-036,NBR6483,Sinotruck,MABINI,"Villafuerte Trucking Services",not_started,,,,not_started,NEW,,,,No,No,"Not Installed","2026-08-01 00:18:25.4066667"
BT-400,,,MABINI,"Villafuerte Trucking Services",not_started,,,,not_started,NEW,,,,No,No,"Not Installed","2026-08-01 00:18:25.4333333"
BT-401,RKL110,,MABINI,"Villafuerte Trucking Services",not_started,,,,not_started,NEW,,,,No,No,"Not Installed","2026-08-01 00:18:25.3800000"
OD-415,RJV874,Isuzu,MABINI,"Villafuerte Trucking Services",installed,,868933000000000,89320400000000000000,not_started,NEW,,,,No,No,Installed,"2026-08-01 00:18:25.3900000"
OD-416,MAB4157,Isuzu,MABINI,"Villafuerte Trucking Services",not_started,,,,not_started,NEW,,,,No,No,"Not Installed","2026-08-01 00:18:25.4466667"
